[
  {
    "id": "45ed9e1e-fd9d-4d07-9860-837bd6c3bffd",
    "data": [
      {
        "text": "Give me a list of commands that I can say",
        "userDefined": false
      }
    ],
    "isTemplate": false,
    "count": 0,
    "updated": 1551846465
  },
  {
    "id": "f24f121d-4789-49e2-a4ef-bab86d010637",
    "data": [
      {
        "text": "What can you do?",
        "userDefined": false
      }
    ],
    "isTemplate": false,
    "count": 0,
    "updated": 1551846465
  },
  {
    "id": "fe124b3e-80eb-449e-a7c3-ed5f31c10789",
    "data": [
      {
        "text": "What can you do for me?",
        "userDefined": false
      }
    ],
    "isTemplate": false,
    "count": 0,
    "updated": 1551846465
  },
  {
    "id": "b94ff9b6-d045-47d2-86f1-3ca9ac75384d",
    "data": [
      {
        "text": "What are the options?",
        "userDefined": false
      }
    ],
    "isTemplate": false,
    "count": 0,
    "updated": 1551846465
  },
  {
    "id": "a7d66012-b985-4b1d-b779-02126a9de441",
    "data": [
      {
        "text": "What are the available options?",
        "userDefined": false
      }
    ],
    "isTemplate": false,
    "count": 0,
    "updated": 1551846465
  },
  {
    "id": "9849ba8d-5835-4c19-8585-7754b6a7c887",
    "data": [
      {
        "text": "What can I say?",
        "userDefined": false
      }
    ],
    "isTemplate": false,
    "count": 0,
    "updated": 1551846465
  },
  {
    "id": "c66272d9-4e92-4639-af7b-ff5ecab9befc",
    "data": [
      {
        "text": "What can I do?",
        "userDefined": false
      }
    ],
    "isTemplate": false,
    "count": 0,
    "updated": 1551846465
  }
]