[
  {
    "id": "3667de33-0f7b-422e-8899-e5e4049398fa",
    "data": [
      {
        "text": "what i mean",
        "userDefined": false
      }
    ],
    "isTemplate": false,
    "count": 0
  },
  {
    "id": "8ba7e036-6b4b-4824-9a09-295bf33c1e1e",
    "data": [
      {
        "text": "is",
        "userDefined": false
      }
    ],
    "isTemplate": false,
    "count": 0
  },
  {
    "id": "657f3da8-53ae-4877-b96b-f83fc79278eb",
    "data": [
      {
        "text": "this",
        "userDefined": false
      }
    ],
    "isTemplate": false,
    "count": 0
  },
  {
    "id": "0702c00c-abde-4334-9dd9-6673cffd5cd1",
    "data": [
      {
        "text": "words",
        "userDefined": false
      }
    ],
    "isTemplate": false,
    "count": 0
  },
  {
    "id": "b9174e68-b016-4a37-b76e-a827ca0c37fc",
    "data": [
      {
        "text": "what",
        "userDefined": false
      }
    ],
    "isTemplate": false,
    "count": 0
  },
  {
    "id": "b786a123-6d42-44a0-b2ae-10ed45399597",
    "data": [
      {
        "text": "Hello",
        "userDefined": false
      }
    ],
    "isTemplate": false,
    "count": 0
  },
  {
    "id": "d8dcf7ac-61a3-41e5-8891-e6e3aca47af4",
    "data": [
      {
        "text": "A",
        "userDefined": false
      }
    ],
    "isTemplate": false,
    "count": 0
  }
]