[
  {
    "id": "44e711e9-4274-4719-9c68-9967a78e2805",
    "data": [
      {
        "text": "I need directions to a list of wells",
        "userDefined": false
      }
    ],
    "isTemplate": false,
    "count": 0
  },
  {
    "id": "2728b016-2f40-4139-991d-8859dfe26359",
    "data": [
      {
        "text": "I\u0027m looking for a couple of ",
        "userDefined": false
      },
      {
        "text": "wells",
        "meta": "@sys.ignore",
        "userDefined": false
      }
    ],
    "isTemplate": false,
    "count": 0
  },
  {
    "id": "f15590d7-d951-4749-ac05-a3585c5e426d",
    "data": [
      {
        "text": "I\u0027d like directions to ",
        "userDefined": false
      },
      {
        "text": "a few wells",
        "meta": "@sys.ignore",
        "userDefined": false
      }
    ],
    "isTemplate": false,
    "count": 0
  },
  {
    "id": "90e4de44-13b2-4a8c-a541-9af03a294656",
    "data": [
      {
        "text": "I want to know where a well ",
        "userDefined": false
      },
      {
        "text": "is",
        "meta": "@sys.ignore",
        "userDefined": false
      }
    ],
    "isTemplate": false,
    "count": 0
  },
  {
    "id": "ba2ba1ed-eea1-41b6-9442-cfce4b48cfa8",
    "data": [
      {
        "text": "I\u0027m looking for the location of a well",
        "userDefined": false
      }
    ],
    "isTemplate": false,
    "count": 0
  },
  {
    "id": "d256f850-8068-4d7d-b653-606639c28014",
    "data": [
      {
        "text": "I\u0027m looking for directions to a well",
        "userDefined": false
      }
    ],
    "isTemplate": false,
    "count": 0
  },
  {
    "id": "5a63ca89-37e8-49b8-8031-a6ae0a6d9534",
    "data": [
      {
        "text": "I need directions to a well",
        "userDefined": false
      }
    ],
    "isTemplate": false,
    "count": 0
  }
]