[
  {
    "id": "dd3a4852-e5ae-4bab-a992-b76057d6accb",
    "data": [
      {
        "text": "0",
        "userDefined": false
      }
    ],
    "isTemplate": false,
    "count": 0
  },
  {
    "id": "b33fac8f-6508-445d-b81d-84a5af92c7c0",
    "data": [
      {
        "text": "hellok",
        "userDefined": false
      }
    ],
    "isTemplate": false,
    "count": 0
  },
  {
    "id": "490c4064-0032-41d2-8d87-6ee30ec73d63",
    "data": [
      {
        "text": "hello",
        "userDefined": false
      }
    ],
    "isTemplate": false,
    "count": 0
  },
  {
    "id": "0fce9091-a10e-4886-bc51-2fc4ceb96b1b",
    "data": [
      {
        "text": "what",
        "userDefined": false
      }
    ],
    "isTemplate": false,
    "count": 0
  },
  {
    "id": "f0a1782d-a856-4046-a78e-5ce173781e17",
    "data": [
      {
        "text": "dafi",
        "userDefined": false
      }
    ],
    "isTemplate": false,
    "count": 0
  },
  {
    "id": "7f1eb846-6f4d-4337-a119-6c4480c1d6c9",
    "data": [
      {
        "text": "jdan",
        "userDefined": false
      }
    ],
    "isTemplate": false,
    "count": 0
  },
  {
    "id": "404f4349-a041-4854-b97d-e9d44d8a2a9b",
    "data": [
      {
        "text": "aj",
        "userDefined": false
      }
    ],
    "isTemplate": false,
    "count": 0
  },
  {
    "id": "b236f0cd-01b8-4378-9ea1-21e6ee29909d",
    "data": [
      {
        "text": "jd",
        "userDefined": false
      }
    ],
    "isTemplate": false,
    "count": 0
  },
  {
    "id": "61db5fc2-88c1-4980-b7d0-94afa06bc8cb",
    "data": [
      {
        "text": "a",
        "userDefined": false
      }
    ],
    "isTemplate": false,
    "count": 0
  }
]