[
  {
    "id": "9f43437d-f2eb-4819-bbf6-9c2bdfe06df1",
    "data": [
      {
        "text": "40",
        "alias": "number",
        "meta": "@sys.number",
        "userDefined": false
      }
    ],
    "isTemplate": false,
    "count": 1
  },
  {
    "id": "c6423e8b-e0d4-4b0e-a57e-a3a1c4a00594",
    "data": [
      {
        "text": "20",
        "alias": "number",
        "meta": "@sys.number",
        "userDefined": false
      }
    ],
    "isTemplate": false,
    "count": 0
  },
  {
    "id": "28c0de2c-f7c6-46ec-b834-35c47222df15",
    "data": [
      {
        "text": "2",
        "alias": "number",
        "meta": "@sys.number",
        "userDefined": false
      }
    ],
    "isTemplate": false,
    "count": 0
  },
  {
    "id": "b3cc77dc-d4ad-42a4-a96f-4c04fdcdc149",
    "data": [
      {
        "text": "3",
        "alias": "number",
        "meta": "@sys.number",
        "userDefined": false
      }
    ],
    "isTemplate": false,
    "count": 0
  }
]