[
  {
    "id": "86c6dd65-50d2-4d32-8a22-e2675efe0ec8",
    "data": [
      {
        "text": "I\u0027d like to try it again",
        "userDefined": false
      }
    ],
    "isTemplate": false,
    "count": 0
  },
  {
    "id": "d1e3d123-29d7-40bb-b13b-20da190e5958",
    "data": [
      {
        "text": "let\u0027s do that again",
        "userDefined": false
      }
    ],
    "isTemplate": false,
    "count": 0
  },
  {
    "id": "52b2d628-c86d-4e84-bf19-52520b749e30",
    "data": [
      {
        "text": "reset",
        "userDefined": false
      }
    ],
    "isTemplate": false,
    "count": 0
  },
  {
    "id": "7c72923e-81e7-4b83-8052-968fa2fd0269",
    "data": [
      {
        "text": "never mind",
        "userDefined": false
      }
    ],
    "isTemplate": false,
    "count": 0,
    "updated": 1551929772
  },
  {
    "id": "07d35701-c152-45d6-a845-9e8f728fd8d3",
    "data": [
      {
        "text": "I changed my mind",
        "userDefined": false
      }
    ],
    "isTemplate": false,
    "count": 0,
    "updated": 1551929772
  },
  {
    "id": "26794dbb-b731-4372-8aba-e8425e4ce619",
    "data": [
      {
        "text": "I\u0027m done",
        "userDefined": false
      }
    ],
    "isTemplate": false,
    "count": 0,
    "updated": 1551929772
  },
  {
    "id": "42903a05-285f-4545-bbbe-337b8621a7c6",
    "data": [
      {
        "text": "forget it",
        "userDefined": false
      }
    ],
    "isTemplate": false,
    "count": 0,
    "updated": 1551929772
  },
  {
    "id": "e8c8e4da-3acd-4c0f-bfea-fad9f0bc0dc4",
    "data": [
      {
        "text": "nevermind",
        "userDefined": false
      }
    ],
    "isTemplate": false,
    "count": 0,
    "updated": 1551929772
  }
]